FillNumber,RunNumber,RtsStatus,ShiftStatus,RunType,BeginRunTime,TotalRunTime,nEvents,nFiles
18749.0,16064077,0,0,3,2015-03-06 02:31:45,446,749228,83
18749.0,16064078,0,0,3,2015-03-06 02:40:15,2136,4657146,329
18749.0,16064079,0,0,3,2015-03-06 03:17:45,1982,4251204,336
18749.0,16064080,0,0,3,2015-03-06 03:51:44,1467,3219099,248
18749.0,16064081,0,0,3,2015-03-06 04:18:12,174,353316,108
18749.0,16064082,0,0,3,2015-03-06 04:33:37,1969,1668237,162
18749.0,16065001,0,0,3,2015-03-06 05:07:26,1921,3728018,266
18749.0,16065002,0,0,3,2015-03-06 05:40:39,1832,3645302,268
18749.0,16065003,0,0,3,2015-03-06 06:12:09,1867,3807911,286
18749.0,16065005,0,0,3,2015-03-06 06:47:15,1936,3999951,270
18749.0,16065006,0,0,3,2015-03-06 07:25:25,1917,3948589,275
18749.0,16065007,0,0,3,2015-03-06 07:58:28,1904,3999965,272
18749.0,16065008,0,0,3,2015-03-06 08:31:07,1775,3773924,250
18749.0,16065009,0,0,3,2015-03-06 09:01:40,1824,3802245,266
18749.0,16065010,0,0,3,2015-03-06 09:33:04,1817,3697229,245
18749.0,16065011,0,0,3,2015-03-06 10:04:27,100,15277,69
18749.0,16065012,0,0,3,2015-03-06 10:07:04,1953,3999932,254
18749.0,16065013,0,0,3,2015-03-06 10:40:34,1973,3999969,249
18749.0,16065014,0,0,3,2015-03-06 11:14:27,1344,2561948,182
18749.0,16065015,0,0,3,2015-03-06 11:37:44,1608,3327134,219
18749.0,16065016,0,0,3,2015-03-06 12:05:25,1826,3677451,253
18749.0,16065017,0,0,3,2015-03-06 12:36:50,1827,3561018,223
18749.0,16065018,0,0,3,2015-03-06 13:08:50,1167,2448654,172
18750.0,16065023,0,0,3,2015-03-06 15:19:19,1308,2913530,220
18750.0,16065024,0,0,3,2015-03-06 15:42:21,852,1829331,192
18750.0,16065025,0,0,3,2015-03-06 15:58:38,1810,4310373,332
18750.0,16065026,0,0,3,2015-03-06 16:34:40,833,1660996,150
18750.0,16065027,0,0,3,2015-03-06 16:50:32,1995,3995564,327
18750.0,16065028,0,0,3,2015-03-06 17:25:28,1499,2907026,261
18751.0,16065036,0,0,3,2015-03-06 19:33:57,1405,2278871,195
18751.0,16065037,0,0,3,2015-03-06 19:58:24,1315,2337762,252
18751.0,16065038,0,0,3,2015-03-06 20:21:16,1936,3813707,331
18751.0,16065039,0,0,3,2015-03-06 20:55:33,1484,2858646,258
18751.0,16065041,0,0,3,2015-03-06 21:38:27,1667,3518911,296
18751.0,16065042,0,0,3,2015-03-06 22:07:10,1189,2392703,213
18751.0,16065043,0,0,3,2015-03-06 22:35:13,146,249560,98
18751.0,16065044,0,0,3,2015-03-06 22:41:11,1906,3790765,288
18751.0,16065045,0,0,3,2015-03-06 23:13:57,2035,3926806,314
18751.0,16065046,0,0,3,2015-03-06 23:48:51,1809,3743808,287
18751.0,16065047,0,0,3,2015-03-07 00:20:00,1810,3660229,277
18751.0,16065048,0,0,3,2015-03-07 00:51:11,1812,3532055,267
18751.0,16065059,0,0,3,2015-03-07 02:25:46,12,22272,129
18751.0,16065060,0,0,3,2015-03-07 02:28:14,1825,3594796,273
18751.0,16065061,0,0,3,2015-03-07 02:59:46,1684,3305772,275
18752.0,16065072,0,0,3,2015-03-07 04:51:43,1807,3253545,240
18752.0,16066001,0,0,3,2015-03-07 05:22:49,1771,3257093,277
18752.0,16066002,0,0,3,2015-03-07 05:53:32,1948,3971343,347
18752.0,16066003,0,0,3,2015-03-07 06:26:56,1920,3815799,298
18752.0,16066004,0,0,3,2015-03-07 07:00:06,1905,3844742,308
18752.0,16066005,0,0,3,2015-03-07 07:33:00,1416,2926327,240
18752.0,16066006,0,0,3,2015-03-07 08:04:53,2058,3999962,318
18752.0,16066007,0,0,3,2015-03-07 08:40:10,1742,3476158,273
18752.0,16066008,0,0,3,2015-03-07 09:10:20,1880,3792170,317
18752.0,16066009,0,0,3,2015-03-07 09:42:39,1833,3674387,277
18752.0,16066011,0,0,3,2015-03-07 10:15:21,1821,3657300,275
18752.0,16066012,0,0,3,2015-03-07 10:46:41,834,1676521,171
18753.0,16066015,0,0,3,2015-03-07 12:27:45,2100,4100179,310
18753.0,16066016,0,0,3,2015-03-07 13:04:22,1660,3094563,251
18753.0,16066017,0,0,3,2015-03-07 13:38:49,1934,3895733,346
18753.0,16066018,0,0,3,2015-03-07 14:12:18,915,1846469,193
18753.0,16066019,0,0,3,2015-03-07 14:28:56,929,1787315,186
18753.0,16066020,0,0,3,2015-03-07 14:46:05,895,1064381,139
18753.0,16066021,0,0,3,2015-03-07 15:01:53,1062,2062561,204
18753.0,16066026,0,0,3,2015-03-07 17:07:16,1805,3414299,297
18753.0,16066027,0,0,3,2015-03-07 17:38:21,1849,3391912,278
18753.0,16066028,0,0,3,2015-03-07 18:10:06,129,9744,64
18753.0,16066030,0,0,3,2015-03-07 18:14:56,362,671160,115
18753.0,16066031,0,0,3,2015-03-07 18:30:11,1795,3281659,270
18753.0,16066032,0,0,3,2015-03-07 19:00:59,1527,2885976,237
18753.0,16066033,0,0,3,2015-03-07 19:32:01,1699,3143590,255
18753.0,16066035,0,0,3,2015-03-07 20:14:40,1536,2799457,250
18754.0,16066046,0,0,3,2015-03-07 23:46:44,432,886302,117
18754.0,16066047,0,0,3,2015-03-07 23:54:54,1772,3305815,316
18754.0,16066049,0,0,3,2015-03-08 00:29:34,1547,2612162,273
18754.0,16066050,0,0,3,2015-03-08 00:56:29,1818,3466216,321
18754.0,16066051,0,0,3,2015-03-08 01:27:38,2398,4550656,385
18754.0,16066052,0,0,3,2015-03-08 02:08:33,1843,3546845,312
18754.0,16066053,0,0,3,2015-03-08 02:40:10,1586,2992714,268
18754.0,16066054,0,0,3,2015-03-08 03:07:30,1286,2473713,227
18754.0,16066055,0,0,3,2015-03-08 03:38:55,1651,3062565,284
18754.0,16066059,0,0,3,2015-03-08 04:14:09,1808,3403487,293
18754.0,16066060,0,0,3,2015-03-08 04:45:15,1811,3413141,291
18754.0,16067001,0,0,3,2015-03-08 05:16:18,1894,3477890,276
18754.0,16067003,0,0,3,2015-03-08 05:50:29,1872,3452471,287
18754.0,16067004,0,0,3,2015-03-08 06:22:39,1558,2909441,256
18754.0,16067005,0,0,3,2015-03-08 06:49:43,1909,3621097,315
18754.0,16067006,0,0,3,2015-03-08 07:22:29,438,785495,128
18758.0,16067013,0,0,3,2015-03-08 13:54:41,1267,2082060,186
18758.0,16067014,0,0,3,2015-03-08 14:16:50,753,1323427,162
18758.0,16067015,0,0,3,2015-03-08 14:30:47,1806,3430444,326
18758.0,16067016,0,0,3,2015-03-08 15:01:52,1876,3641174,328
18758.0,16067017,0,0,3,2015-03-08 15:34:05,1818,3452009,302
18758.0,16067019,0,0,3,2015-03-08 16:26:18,1820,3423131,303
18758.0,16067020,0,0,3,2015-03-08 16:57:41,1832,3331809,295
18758.0,16067021,0,0,3,2015-03-08 17:29:14,1809,3343980,294
18758.0,16067022,0,0,3,2015-03-08 18:00:17,1686,3089701,274
18760.0,16067039,0,0,3,2015-03-09 01:43:51,2256,6020150,360
18760.0,16067040,0,0,3,2015-03-09 02:22:24,313,734590,84
18760.0,16067041,0,0,3,2015-03-09 02:28:37,1895,5008425,349
18760.0,16067042,0,0,3,2015-03-09 03:01:05,1997,5244441,371
18760.0,16067043,0,0,3,2015-03-09 03:35:14,1809,4568932,303
18760.0,16067044,0,0,3,2015-03-09 04:06:18,1754,3386834,190
18760.0,16067045,0,0,3,2015-03-09 04:36:58,39,59269,45
18760.0,16067046,0,0,3,2015-03-09 04:38:51,111,195789,47
18760.0,16067047,0,0,3,2015-03-09 04:46:39,103,179936,50
18760.0,16068001,0,0,3,2015-03-09 05:04:28,1699,4064100,278
18760.0,16068003,0,0,3,2015-03-09 05:37:28,1865,4318811,297
18760.0,16068004,0,0,3,2015-03-09 06:09:36,1592,3715475,258
18760.0,16068005,0,0,3,2015-03-09 06:37:13,1915,4581005,308
18760.0,16068006,0,0,3,2015-03-09 07:10:03,1850,4357534,293
18760.0,16068007,0,0,3,2015-03-09 07:49:08,1824,4061409,264
18760.0,16068008,0,0,3,2015-03-09 08:20:35,1918,4631113,320
18760.0,16068009,0,0,3,2015-03-09 08:53:31,1982,4505925,288
18760.0,16068010,0,0,3,2015-03-09 09:27:30,888,1905064,164
18761.0,16068012,0,0,3,2015-03-09 10:55:30,1614,4468607,309
18761.0,16068013,0,0,3,2015-03-09 11:23:31,553,1358731,141
18761.0,16068014,0,0,3,2015-03-09 11:33:42,2030,5289224,365
18761.0,16068015,0,0,3,2015-03-09 12:08:30,1833,4728570,342
18761.0,16068016,0,0,3,2015-03-09 12:40:09,1663,4169999,287
18761.0,16068017,0,0,3,2015-03-09 13:13:46,433,782242,83
18761.0,16068018,0,0,3,2015-03-09 13:22:05,2383,5702345,369
18761.0,16068021,0,0,3,2015-03-09 14:06:57,1790,2712818,228
18761.0,16068022,0,0,3,2015-03-09 14:53:04,2002,3690183,308
18761.0,16068023,0,0,3,2015-03-09 15:31:19,603,1171011,151
18761.0,16068024,0,0,3,2015-03-09 15:42:31,1995,3941337,339
18761.0,16068025,0,0,3,2015-03-09 16:16:44,1033,2076247,205
18761.0,16068028,0,0,3,2015-03-09 16:39:47,839,1698522,198
18761.0,16068029,0,0,3,2015-03-09 17:03:23,2064,4214517,346
18761.0,16068030,0,0,3,2015-03-09 17:39:15,1917,3752177,300
18761.0,16068032,0,0,3,2015-03-09 18:15:51,1996,4045194,317
18761.0,16068034,0,0,3,2015-03-09 18:52:39,1818,3593015,300
18761.0,16068035,0,0,3,2015-03-09 19:23:46,2021,4066776,322
18761.0,16068036,0,0,3,2015-03-09 20:06:48,1814,3723884,316
18761.0,16068037,0,0,3,2015-03-09 20:37:56,1481,2183151,204
18761.0,16068038,0,0,3,2015-03-09 21:03:33,1854,3722506,300
18761.0,16068039,0,0,3,2015-03-09 21:35:26,1842,3717636,293
18761.0,16068040,0,0,3,2015-03-09 22:07:04,1264,2425013,209
18761.0,16068042,0,0,3,2015-03-09 22:36:59,1763,3584797,290
18761.0,16068043,0,0,3,2015-03-09 23:07:16,97,160078,114
18763.0,16068055,0,0,3,2015-03-10 03:45:41,1805,3918249,365
18763.0,16068056,0,0,3,2015-03-10 04:16:46,1170,2162257,226
18763.0,16068057,0,0,3,2015-03-10 04:37:14,558,616549,137
18763.0,16068058,0,0,3,2015-03-10 04:47:24,1828,3587255,346
18763.0,16069001,0,0,3,2015-03-10 05:18:57,1930,3937370,347
18763.0,16069002,0,0,3,2015-03-10 05:52:02,1830,3832078,339
18763.0,16069003,0,0,3,2015-03-10 06:23:25,1553,2763924,253
18763.0,16069004,0,0,3,2015-03-10 06:57:19,358,464202,107
18763.0,16069005,0,0,3,2015-03-10 07:10:55,562,1034356,129
18763.0,16069006,0,0,3,2015-03-10 07:21:09,1808,3564271,289
18763.0,16069007,0,0,3,2015-03-10 07:52:21,1796,3604379,310
18763.0,16069008,0,0,3,2015-03-10 08:23:09,1817,3795340,302
18763.0,16069009,0,0,3,2015-03-10 08:54:21,1801,3612074,286
18763.0,16069010,0,0,3,2015-03-10 09:25:15,1242,2450934,227
18763.0,16069011,0,0,3,2015-03-10 09:53:26,1813,3630230,291
18763.0,16069012,0,0,3,2015-03-10 10:24:35,1822,3724916,289
18763.0,16069016,0,0,3,2015-03-10 11:17:43,1173,2337308,269
18764.0,16069024,0,0,3,2015-03-10 13:58:26,624,1142012,158
18764.0,16069025,0,0,3,2015-03-10 14:09:59,1856,3784529,387
18764.0,16069026,0,0,3,2015-03-10 14:41:58,1807,3659179,352
18764.0,16069027,0,0,3,2015-03-10 15:13:05,1820,3554898,325
18764.0,16069028,0,0,3,2015-03-10 15:44:24,1820,3596911,325
18764.0,16069029,0,0,3,2015-03-10 16:15:42,660,1315849,161
18764.0,16069030,0,0,3,2015-03-10 16:35:07,1293,2525814,235
18764.0,16069031,0,0,3,2015-03-10 17:03:32,733,1455475,184
18764.0,16069032,0,0,3,2015-03-10 17:18:44,456,911542,131
18764.0,16069033,0,0,3,2015-03-10 17:30:11,1026,1897672,196
18764.0,16069034,0,0,3,2015-03-10 17:49:32,1833,3716685,325
18764.0,16069035,0,0,3,2015-03-10 18:21:11,1845,3580252,307
18764.0,16069036,0,0,3,2015-03-10 18:53:11,2296,4468939,362
18764.0,16069037,0,0,3,2015-03-10 19:33:52,148,285565,100
18764.0,16069038,0,0,3,2015-03-10 19:45:30,225,469335,102
18764.0,16069039,0,0,3,2015-03-10 19:52:45,1655,3570203,275
18764.0,16069040,0,0,3,2015-03-10 20:21:50,240,515667,107
18764.0,16069041,0,0,3,2015-03-10 20:26:52,1854,4069508,318
18764.0,16069042,0,0,3,2015-03-10 20:58:47,1894,4274461,310
18765.0,16069045,0,0,3,2015-03-10 22:45:32,149,434969,32
18765.0,16069049,0,0,3,2015-03-10 23:07:08,518,621887,104
18765.0,16069050,0,0,3,2015-03-10 23:17:44,12,11873,35
18765.0,16069052,0,0,3,2015-03-10 23:23:19,25,842,15
18765.0,16069053,0,0,3,2015-03-10 23:24:45,1232,2000000,171
18765.0,16069054,0,0,3,2015-03-10 23:46:36,1746,3852020,339
18765.0,16069055,0,0,3,2015-03-11 00:16:39,558,1246365,172
18765.0,16069060,0,0,3,2015-03-11 00:59:06,3006,6650043,406
18765.0,16069062,0,0,3,2015-03-11 02:02:06,1967,4273091,355
18765.0,16069063,0,0,3,2015-03-11 02:35:54,1227,2291119,217
18765.0,16069064,0,0,3,2015-03-11 02:57:21,1795,3939777,322
18765.0,16069065,0,0,3,2015-03-11 03:29:09,1777,3817198,328
18765.0,16069066,0,-1,3,2015-03-11 03:59:39,1714,3655234,292
18765.0,16069067,0,0,3,2015-03-11 04:31:44,857,1516331,152
18766.0,16070003,0,0,3,2015-03-11 05:52:56,2227,4350513,346
18766.0,16070004,0,0,3,2015-03-11 06:31:13,1825,4068062,390
18766.0,16070005,0,0,3,2015-03-11 07:02:32,1816,4037820,363
18766.0,16070006,0,0,3,2015-03-11 07:33:41,1842,4017590,358
18766.0,16070008,0,0,3,2015-03-11 08:09:10,2143,4640458,394
18766.0,16070009,0,0,3,2015-03-11 08:53:26,2222,4707699,393
18766.0,16070010,0,0,3,2015-03-11 09:31:22,1891,4066043,363
18766.0,16070012,0,0,3,2015-03-11 10:09:08,1820,3899824,323
18766.0,16070013,0,0,3,2015-03-11 10:40:24,1838,4012381,329
18766.0,16070014,0,0,3,2015-03-11 11:11:56,440,693448,115
18766.0,16070015,0,-1,3,2015-03-11 11:20:05,537,1173050,151
18772.0,16070039,0,0,3,2015-03-12 04:58:11,1658,2726637,178
18772.0,16071001,0,0,3,2015-03-12 05:27:33,1221,2080190,167
18772.0,16071002,0,0,3,2015-03-12 05:48:51,948,2018604,213
18772.0,16071003,0,0,3,2015-03-12 06:38:20,229,451882,102
18772.0,16071006,0,0,3,2015-03-12 06:49:00,869,2168177,212
18772.0,16071007,0,0,3,2015-03-12 07:04:18,1706,4167639,341
18772.0,16071010,0,0,3,2015-03-12 07:57:00,564,1228029,147
18772.0,16071016,0,0,3,2015-03-12 08:29:37,1552,3708183,284
18772.0,16071018,0,0,3,2015-03-12 09:00:20,551,1316680,172
18772.0,16071020,0,0,3,2015-03-12 09:14:12,54,120018,94
18772.0,16071021,0,0,3,2015-03-12 09:16:01,1891,4434741,329
18772.0,16071022,0,0,3,2015-03-12 09:48:28,1868,4375611,323
18772.0,16071023,0,0,3,2015-03-12 10:20:28,838,1966903,180
18772.0,16071024,0,0,3,2015-03-12 10:42:02,1819,4168444,290
18772.0,16071025,0,0,3,2015-03-12 11:13:13,1834,4178953,296
18772.0,16071026,0,0,3,2015-03-12 11:44:49,1652,3825936,280
18772.0,16071027,0,0,3,2015-03-12 12:13:20,1316,3070599,259
18776.0,16071045,0,0,3,2015-03-12 18:13:08,533,1116453,151
18776.0,16071046,0,0,3,2015-03-12 18:23:12,522,1210611,167
18776.0,16071050,0,0,3,2015-03-12 19:41:38,553,1132577,133
18776.0,16071051,0,0,3,2015-03-12 19:51:51,1150,2588223,222
18776.0,16071052,0,0,3,2015-03-12 20:19:47,2069,4525553,335
18776.0,16071053,0,0,3,2015-03-12 20:55:20,1851,4031340,323
18776.0,16071054,0,0,3,2015-03-12 21:27:07,1820,4017736,313
18776.0,16071055,0,0,3,2015-03-12 21:58:19,2167,4862982,354
18776.0,16071056,0,0,3,2015-03-12 22:35:23,2119,4643490,331
18776.0,16071058,0,0,3,2015-03-12 23:18:53,1859,4040827,301
18776.0,16071059,0,0,3,2015-03-12 23:50:49,1798,2659706,191
18776.0,16071060,0,0,3,2015-03-13 00:21:47,790,886819,134
18776.0,16071061,0,0,3,2015-03-13 00:36:08,2442,5268331,351
18776.0,16071062,0,0,3,2015-03-13 01:17:47,295,637647,100
18777.0,16071076,0,0,3,2015-03-13 03:34:17,421,879106,120
18777.0,16071077,0,0,3,2015-03-13 03:42:09,1714,3835665,327
18777.0,16071078,0,0,3,2015-03-13 04:11:39,1798,4066319,361
18777.0,16071079,0,0,3,2015-03-13 04:42:30,1973,4484736,367
18777.0,16072001,0,0,3,2015-03-13 05:16:13,1820,4192921,344
18777.0,16072002,0,0,3,2015-03-13 05:47:28,1630,3724343,306
18777.0,16072003,0,0,3,2015-03-13 06:23:35,1853,4130592,307
18777.0,16072006,0,0,3,2015-03-13 07:01:18,1129,2563103,212
18777.0,16072007,0,0,3,2015-03-13 07:20:57,2330,5282327,380
18777.0,16072008,0,0,3,2015-03-13 08:00:46,2183,5025183,351
18777.0,16072009,0,0,3,2015-03-13 08:38:05,1662,3791610,273
18777.0,16072010,0,0,3,2015-03-13 09:13:41,1596,3430041,249
18777.0,16072012,0,0,3,2015-03-13 09:45:50,2023,4499826,305
18777.0,16072013,0,0,3,2015-03-13 10:20:34,1815,4053165,287
18777.0,16072014,0,0,3,2015-03-13 10:51:44,873,1995202,172
18778.0,16072021,0,0,3,2015-03-13 13:47:50,1978,4184208,363
18778.0,16072022,0,0,3,2015-03-13 14:21:39,542,1033861,123
18778.0,16072023,0,0,3,2015-03-13 14:31:50,1823,4150290,350
18778.0,16072024,0,0,3,2015-03-13 15:03:17,1816,3985651,331
18778.0,16072025,0,0,3,2015-03-13 15:34:29,1819,3934157,321
18778.0,16072026,0,0,3,2015-03-13 16:05:49,1814,4000441,319
18778.0,16072033,0,0,3,2015-03-13 17:49:50,1667,3635693,272
18778.0,16072034,0,0,3,2015-03-13 18:18:43,1814,3736571,286
18778.0,16072035,0,0,3,2015-03-13 18:50:05,1822,3793321,266
18778.0,16072036,0,0,3,2015-03-13 19:21:28,1120,2358062,188
18778.0,16072038,0,0,3,2015-03-13 19:49:18,1930,4137596,289
18778.0,16072039,0,0,3,2015-03-13 20:22:32,1790,3859441,270
18778.0,16072040,0,0,3,2015-03-13 20:53:17,2227,4696630,315
18778.0,16072041,0,0,3,2015-03-13 21:31:28,1884,4031602,275
18778.0,16072042,0,0,3,2015-03-13 22:03:54,1880,4042149,281
18778.0,16072043,0,0,3,2015-03-13 22:36:06,423,794521,112
18778.0,16072046,0,0,3,2015-03-13 23:41:38,199,164955,76
18778.0,16072047,0,0,3,2015-03-13 23:45:48,2671,2649201,114
18779.0,16072057,0,0,3,2015-03-14 02:07:48,1990,5016602,468
18779.0,16072058,0,0,3,2015-03-14 02:43:00,1733,3882513,369
18779.0,16072059,0,0,3,2015-03-14 03:12:52,1846,4153766,396
18779.0,16072060,0,0,3,2015-03-14 03:44:35,1194,2681015,264
18779.0,16072061,0,0,3,2015-03-14 04:05:24,2395,5418299,456
18779.0,16072062,0,0,3,2015-03-14 04:53:19,1730,3808273,318
18779.0,16073001,0,0,3,2015-03-14 05:23:02,813,1854536,184
18779.0,16073004,0,0,3,2015-03-14 05:42:23,172,410906,39
18779.0,16073007,0,0,3,2015-03-14 05:52:55,128,364349,40
18779.0,16073010,0,0,3,2015-03-14 06:01:59,1705,2604803,295
18779.0,16073012,0,0,3,2015-03-14 06:35:30,1860,2846860,329
18779.0,16073013,0,0,3,2015-03-14 07:07:23,1147,1770670,211
18779.0,16073015,0,0,3,2015-03-14 07:30:06,38,93602,30
18779.0,16073017,0,0,3,2015-03-14 07:34:43,642,1407261,157
18779.0,16073018,0,0,3,2015-03-14 07:52:40,1810,3869986,314
18779.0,16073019,0,0,3,2015-03-14 08:23:44,1824,3980219,316
18779.0,16073020,0,0,3,2015-03-14 08:55:04,1462,3287952,279
18779.0,16073021,0,0,3,2015-03-14 09:20:31,902,1968241,198
18780.0,16073029,0,0,3,2015-03-14 11:21:41,1829,4928213,368
18780.0,16073030,0,0,3,2015-03-14 11:53:08,1952,3984090,324
18780.0,16073031,0,0,3,2015-03-14 12:26:56,1824,4160089,386
18780.0,16073032,0,0,3,2015-03-14 12:58:15,1108,2175372,233
18780.0,16073033,0,0,3,2015-03-14 13:17:50,1828,4155642,375
18780.0,16073034,0,0,3,2015-03-14 13:49:25,255,525578,108
18780.0,16073035,0,0,3,2015-03-14 14:00:36,926,1998036,214
18780.0,16073037,0,0,3,2015-03-14 14:20:45,1998,4235086,358
18780.0,16073038,0,0,3,2015-03-14 14:55:07,1820,3986010,353
18780.0,16073039,0,0,3,2015-03-14 15:26:27,821,1738768,182
18780.0,16073040,0,0,3,2015-03-14 15:42:20,238,531050,101
18780.0,16073045,0,0,3,2015-03-14 16:01:22,1823,2778592,319
18780.0,16073046,0,0,3,2015-03-14 16:32:42,1206,1872962,238
18780.0,16073047,0,0,3,2015-03-14 17:00:10,1818,2795748,311
18780.0,16073048,0,0,3,2015-03-14 17:31:19,1756,2727207,298
18780.0,16073049,0,0,3,2015-03-14 18:01:36,1557,1960484,233
18780.0,16073050,0,0,3,2015-03-14 18:28:30,755,1193980,160
18786.0,16077021,0,0,3,2015-03-18 13:04:55,354,478677,78
18787.0,16077027,0,0,3,2015-03-18 16:57:48,1108,2339639,241
18787.0,16077028,0,0,3,2015-03-18 17:17:42,634,1332694,155
18787.0,16077029,0,0,3,2015-03-18 17:29:23,407,883680,128
18787.0,16077030,0,0,3,2015-03-18 17:44:34,1842,3993537,370
18787.0,16077031,0,0,3,2015-03-18 18:16:33,1823,3831896,364
18787.0,16077032,0,0,3,2015-03-18 18:48:27,1904,4103610,355
18787.0,16077033,0,0,3,2015-03-18 19:21:20,1412,3071886,273
18787.0,16077034,0,0,3,2015-03-18 19:53:00,1961,4284202,352
18787.0,16077037,0,0,3,2015-03-18 21:08:35,473,1016868,141
18787.0,16077038,0,0,3,2015-03-18 21:17:31,1850,3967159,336
18787.0,16077039,0,0,3,2015-03-18 21:49:37,1801,3929496,315
18787.0,16077040,0,0,3,2015-03-18 22:20:54,1922,4128152,326
18787.0,16077041,0,0,3,2015-03-18 23:00:24,1744,3496579,275
18787.0,16077043,0,0,3,2015-03-18 23:37:28,1266,2734339,228
18787.0,16077044,0,0,3,2015-03-19 00:00:38,1883,3909110,300
18787.0,16077045,0,0,3,2015-03-19 00:32:56,1656,3491167,267
18787.0,16077046,0,0,3,2015-03-19 01:01:28,2339,4928238,345
18787.0,16077047,0,0,3,2015-03-19 01:41:23,1720,3646186,263
18788.0,16077054,0,0,3,2015-03-19 04:14:38,2316,4835747,463
18788.0,16077055,0,0,3,2015-03-19 04:54:46,978,2078839,236
18788.0,16078001,0,0,3,2015-03-19 05:12:07,2029,4536862,431
18788.0,16078002,0,0,3,2015-03-19 05:46:50,1832,4221428,394
18788.0,16078003,0,0,3,2015-03-19 06:18:17,807,1783642,215
18788.0,16078004,0,0,3,2015-03-19 06:40:26,1931,4416418,392
18788.0,16078005,0,0,3,2015-03-19 07:18:30,1842,4177357,363
18788.0,16078006,0,0,3,2015-03-19 07:50:02,1855,4101301,361
18788.0,16078007,0,0,3,2015-03-19 08:21:49,2017,4477536,375
18788.0,16078008,0,0,3,2015-03-19 08:56:24,847,1924153,214
18788.0,16078009,0,0,3,2015-03-19 09:11:22,1861,4246517,340
18788.0,16078010,0,0,3,2015-03-19 09:43:22,2012,3477925,258
18788.0,16078011,0,0,3,2015-03-19 10:24:29,1856,4234719,340
18788.0,16078012,0,-1,3,2015-03-19 10:56:15,2011,4484844,346
18788.0,16078013,0,0,3,2015-03-19 11:30:36,2442,5502452,417
18788.0,16078014,0,0,3,2015-03-19 12:12:17,1050,2303174,208
18789.0,16078028,0,0,3,2015-03-19 17:30:19,1849,4993618,403
18789.0,16078029,0,0,3,2015-03-19 18:02:14,2397,6299235,493
18789.0,16078030,0,0,3,2015-03-19 18:43:52,934,2426896,230
18789.0,16078031,0,0,3,2015-03-19 19:01:05,2422,6414696,515
18789.0,16078032,0,0,3,2015-03-19 19:42:45,218,579520,120
18789.0,16078033,0,0,3,2015-03-19 19:52:32,1930,4959060,398
18789.0,16078034,0,0,3,2015-03-19 20:25:34,1845,4977270,390
18789.0,16078035,0,0,3,2015-03-19 20:57:20,1933,5103324,410
18789.0,16078036,0,0,3,2015-03-19 21:30:26,1843,4812608,380
18789.0,16078037,0,0,3,2015-03-19 22:02:04,1863,4895426,372
18789.0,16078038,0,0,3,2015-03-19 22:34:02,861,2256945,212
18789.0,16078039,0,0,3,2015-03-19 22:58:35,1802,4805028,354
18789.0,16078040,0,0,3,2015-03-19 23:29:30,1987,5303141,390
18789.0,16078041,0,0,3,2015-03-20 00:03:35,1838,4819449,371
18789.0,16078042,0,0,3,2015-03-20 00:35:05,1930,5019412,361
18790.0,16078055,0,0,3,2015-03-20 03:54:08,2214,5634353,518
18790.0,16078056,0,0,3,2015-03-20 04:32:14,1953,4978846,461
18790.0,16079001,0,0,3,2015-03-20 05:05:44,1905,4961917,455
18792.0,16079010,0,0,3,2015-03-20 08:51:59,693,1800036,186
18792.0,16079011,0,0,3,2015-03-20 09:04:46,1127,2848773,276
18792.0,16079013,0,0,3,2015-03-20 09:28:27,1826,4841461,432
18792.0,16079014,0,0,3,2015-03-20 09:59:47,1852,4947445,414
18792.0,16079015,0,0,3,2015-03-20 10:31:32,1881,4884321,396
18792.0,16079016,0,0,3,2015-03-20 11:03:49,2004,5155096,403
18792.0,16079017,0,0,3,2015-03-20 11:38:55,3363,8351168,602
18792.0,16079018,0,0,3,2015-03-20 12:43:17,2848,7257584,541
18792.0,16079019,0,0,3,2015-03-20 13:31:46,2617,6735297,471
18792.0,16079020,0,0,3,2015-03-20 14:16:19,616,1580593,164
18792.0,16079021,0,0,3,2015-03-20 14:34:46,482,984213,139
18792.0,16079022,0,0,3,2015-03-20 14:43:48,2698,7084797,485
18792.0,16079023,0,0,3,2015-03-20 15:29:42,2771,7166295,477
18792.0,16079024,0,0,3,2015-03-20 16:17:31,975,2515789,217
18792.0,16079026,0,0,3,2015-03-20 16:38:09,60,137133,95
18792.0,16079027,0,0,3,2015-03-20 16:39:59,1170,3071241,272
18792.0,16079028,0,0,3,2015-03-20 17:09:03,437,990700,118
18792.0,16079029,0,0,3,2015-03-20 17:17:27,511,1296757,139
18792.0,16079030,0,0,3,2015-03-20 17:32:42,473,1234774,148
18792.0,16079031,0,0,3,2015-03-20 17:41:44,2474,6365786,435
18792.0,16079032,0,0,3,2015-03-20 18:25:52,2856,7336289,473
18792.0,16079033,0,0,3,2015-03-20 19:14:33,1285,3290748,258
18792.0,16079034,0,0,3,2015-03-20 19:42:21,2290,5718840,368
18792.0,16079035,0,0,3,2015-03-20 20:21:52,521,1325949,152
18792.0,16079036,0,0,3,2015-03-20 20:33:41,1815,4621958,325
18792.0,16079037,0,0,3,2015-03-20 21:04:53,50,111860,97
18793.0,16079045,0,0,3,2015-03-20 23:07:54,854,2268277,226
18793.0,16079046,0,0,3,2015-03-20 23:23:17,1134,2813922,290
18793.0,16079047,0,0,3,2015-03-20 23:45:00,1833,4873901,405
18793.0,16079048,0,0,3,2015-03-21 00:16:22,1779,4903906,379
18793.0,16079049,0,0,3,2015-03-21 00:46:52,639,1890593,141
18793.0,16079051,0,0,3,2015-03-21 01:02:22,91,209208,107
18793.0,16079052,0,0,3,2015-03-21 01:05:11,1867,3181745,367
18793.0,16079054,0,0,3,2015-03-21 01:40:51,1882,4668963,365
18793.0,16079057,0,0,3,2015-03-21 02:27:11,388,865764,118
18793.0,16079058,0,0,3,2015-03-21 02:35:33,251,587435,114
18793.0,16079059,0,0,3,2015-03-21 02:40:36,2034,5167601,411
18793.0,16079060,0,0,3,2015-03-21 03:17:13,1962,5081658,385
18793.0,16079061,0,0,3,2015-03-21 03:50:45,1800,4667597,354
18793.0,16079062,0,0,3,2015-03-21 04:21:34,1545,3965907,301
18793.0,16079063,0,0,3,2015-03-21 04:48:44,1127,2870755,231
18793.0,16080002,0,0,3,2015-03-21 05:15:32,1014,2573464,219
18793.0,16080003,0,1,3,2015-03-21 05:33:19,1077,2740552,230
18793.0,16080004,0,0,3,2015-03-21 05:52:09,1877,4785997,351
18793.0,16080005,0,0,3,2015-03-21 06:24:14,1432,3679475,283
18793.0,16080006,0,0,3,2015-03-21 06:49:08,763,1938763,194
18794.0,16080012,0,0,3,2015-03-21 08:11:55,522,1330625,155
18794.0,16080013,0,0,3,2015-03-21 08:21:34,1374,3229175,307
18794.0,16080014,0,0,3,2015-03-21 08:45:30,1904,4926690,450
18794.0,16080015,0,0,3,2015-03-21 09:18:10,1826,4870239,411
18795.0,16080020,0,0,3,2015-03-21 12:15:03,2522,6062575,557
18795.0,16080021,0,0,3,2015-03-21 12:58:09,2710,6774519,623
18795.0,16080022,0,0,3,2015-03-21 13:44:14,1597,4129038,387
18795.0,16080023,0,0,3,2015-03-21 14:11:52,2077,5336721,452
18795.0,16080024,0,0,3,2015-03-21 14:47:31,2203,5742228,471
18795.0,16080025,0,0,3,2015-03-21 15:25:30,487,1263849,172
18795.0,16080026,0,0,3,2015-03-21 15:41:06,2022,5244621,430
18795.0,16080027,0,0,3,2015-03-21 16:15:56,1884,4857582,397
18795.0,16080028,0,0,3,2015-03-21 16:48:49,1925,5022922,403
18795.0,16080029,0,0,3,2015-03-21 17:23:50,2063,5208437,405
18795.0,16080030,0,0,3,2015-03-21 17:59:38,461,1170753,161
18795.0,16080031,0,0,3,2015-03-21 18:12:10,2004,5070510,393
18795.0,16080032,0,0,3,2015-03-21 18:47:41,2259,5816596,426
18795.0,16080033,0,0,3,2015-03-21 19:26:48,2216,5647121,421
18796.0,16080043,0,0,3,2015-03-21 22:56:30,904,2307218,246
18796.0,16080044,0,0,3,2015-03-21 23:12:33,1357,3383690,306
18796.0,16080045,0,0,3,2015-03-21 23:36:41,1811,4452233,434
18796.0,16080046,0,0,3,2015-03-22 00:08:58,1797,4686622,431
18796.0,16080047,0,0,3,2015-03-22 00:40:06,1839,4852919,424
18796.0,16080048,0,0,3,2015-03-22 01:11:41,1829,4762094,406
18796.0,16080049,0,0,3,2015-03-22 01:43:14,1270,3352210,303
18796.0,16080050,0,0,3,2015-03-22 02:12:33,2131,5684232,459
18796.0,16080051,0,0,3,2015-03-22 02:48:56,2229,5762942,466
18796.0,16080052,0,0,3,2015-03-22 03:26:53,1996,5074184,396
18796.0,16080053,0,0,3,2015-03-22 04:01:08,1852,4743922,378
18796.0,16080054,0,0,3,2015-03-22 04:33:03,1093,2864298,254
18796.0,16080055,0,0,3,2015-03-22 04:58:22,1884,4856122,372
18796.0,16081001,0,0,3,2015-03-22 05:30:38,2008,5153528,400
18796.0,16081002,0,0,3,2015-03-22 06:04:57,1612,4169975,327
18796.0,16081003,0,0,3,2015-03-22 06:32:37,1259,3168187,262
18797.0,16081012,0,0,3,2015-03-22 08:45:36,1733,4243962,367
18797.0,16081013,0,0,3,2015-03-22 09:15:22,1295,3013034,309
18797.0,16081015,0,0,3,2015-03-22 09:42:54,1905,4920816,433
18797.0,16081016,0,0,3,2015-03-22 10:15:28,1916,5026293,419
18797.0,16081017,0,0,3,2015-03-22 10:48:18,1950,4698841,376
18797.0,16081018,0,0,3,2015-03-22 11:21:42,1082,2751236,262
18797.0,16081019,0,0,3,2015-03-22 11:42:51,1723,4357757,339
18797.0,16081020,0,0,3,2015-03-22 12:12:24,1736,4042980,320
18797.0,16081021,0,0,3,2015-03-22 12:42:42,993,2219652,170
18797.0,16081022,0,0,3,2015-03-22 13:02:20,2235,5598109,396
18797.0,16081024,0,0,3,2015-03-22 14:03:42,453,1135617,144
18797.0,16081025,0,0,3,2015-03-22 14:12:16,824,2072950,197
18798.0,16081036,0,0,3,2015-03-22 16:05:44,2079,4831294,456
18798.0,16081037,0,0,3,2015-03-22 16:41:28,981,2092319,234
18800.0,16081048,0,0,3,2015-03-22 22:16:39,973,2309919,229
18800.0,16081049,0,0,3,2015-03-22 22:33:50,1832,4620978,460
18800.0,16081050,0,0,3,2015-03-22 23:05:29,1963,4990789,453
18800.0,16081052,0,0,3,2015-03-22 23:43:51,1800,4623480,411
18800.0,16081053,0,0,3,2015-03-23 00:14:43,1845,4774859,403
18800.0,16081054,0,0,3,2015-03-23 00:46:31,1096,2789077,267
18800.0,16081055,0,0,3,2015-03-23 01:09:35,1907,4831819,399
18800.0,16081056,0,0,3,2015-03-23 01:42:21,1856,4785491,409
18800.0,16081057,0,0,3,2015-03-23 02:14:13,2059,5259143,417
18800.0,16081058,0,0,3,2015-03-23 02:49:30,2338,5866641,443
18800.0,16081059,0,0,3,2015-03-23 03:29:37,1921,4929525,382
18800.0,16081060,0,0,3,2015-03-23 04:08:02,1956,4815609,356
18800.0,16081061,0,0,3,2015-03-23 04:41:31,1842,4656463,366
18800.0,16082001,0,0,3,2015-03-23 05:13:03,1965,5007540,358
18800.0,16082002,0,0,3,2015-03-23 05:46:41,978,2339760,205
18801.0,16082011,0,0,3,2015-03-23 07:28:59,1288,3303754,329
18801.0,16082012,0,0,3,2015-03-23 07:52:31,2417,6099730,548
18801.0,16082013,0,0,3,2015-03-23 08:33:51,2061,4725090,409
18801.0,16082014,0,0,3,2015-03-23 09:09:04,8,11945,60
18801.0,16082017,0,0,3,2015-03-23 09:20:25,202,475006,105
18801.0,16082018,0,0,3,2015-03-23 09:24:45,1902,4979350,428
18801.0,16082019,0,0,3,2015-03-23 09:57:19,1869,4838660,417
18801.0,16082022,0,0,3,2015-03-23 11:05:02,1916,4880662,390
18801.0,16082023,0,0,3,2015-03-23 11:38:01,2638,6437431,523
18801.0,16082025,0,0,3,2015-03-23 12:52:31,2233,5726376,435
18801.0,16082027,0,0,3,2015-03-23 14:23:17,1205,3057154,261
18801.0,16082028,0,0,3,2015-03-23 14:44:18,1797,4588611,360
18801.0,16082029,0,0,3,2015-03-23 15:15:37,545,1336112,141
18803.0,16082039,0,0,3,2015-03-23 19:54:50,1518,3643529,345
18803.0,16082040,0,0,3,2015-03-23 20:21:11,1792,4503825,440
18803.0,16082041,0,0,3,2015-03-23 20:52:00,1818,4539713,447
18803.0,16082042,0,0,3,2015-03-23 21:23:17,1826,4516662,402
18803.0,16082043,0,0,3,2015-03-23 21:54:35,493,1133257,172
18803.0,16082046,0,0,3,2015-03-23 22:30:55,1459,3695659,334
18803.0,16082047,0,0,3,2015-03-23 22:59:06,1828,4592750,389
18803.0,16082048,0,0,3,2015-03-23 23:30:33,1731,4371847,360
18803.0,16082049,0,0,3,2015-03-24 00:00:28,1811,4472925,386
18803.0,16082050,0,0,3,2015-03-24 00:31:28,1810,4569398,370
18803.0,16082051,0,0,3,2015-03-24 01:02:26,1809,4477038,350
18803.0,16082052,0,0,3,2015-03-24 01:33:23,1317,3359322,278
18803.0,16082053,0,0,3,2015-03-24 01:59:53,1807,4518025,348
18803.0,16082054,0,0,3,2015-03-24 02:31:07,1681,4077519,331
18803.0,16082055,0,0,3,2015-03-24 02:59:58,1822,4624275,369
18803.0,16082056,0,0,3,2015-03-24 03:31:16,1800,4466677,336
18803.0,16082057,0,0,3,2015-03-24 04:02:07,1236,3073353,252
18804.0,16083003,0,0,3,2015-03-24 06:01:57,282,729884,120
18804.0,16083004,0,0,3,2015-03-24 06:07:35,1848,4602413,425
18804.0,16083005,0,0,3,2015-03-24 06:39:17,1256,3090346,293
18804.0,16083006,0,0,3,2015-03-24 07:01:23,1822,4589805,456
18804.0,16083007,0,0,3,2015-03-24 07:32:39,1922,4893684,449
18804.0,16083008,0,0,3,2015-03-24 08:06:07,1804,4652850,408
18804.0,16083009,0,0,3,2015-03-24 08:37:03,1132,2842198,282
18804.0,16083010,0,0,3,2015-03-24 09:04:13,1821,4526491,384
18804.0,16083011,0,0,3,2015-03-24 09:35:26,1832,4689410,389
18804.0,16083012,0,0,3,2015-03-24 10:06:56,1873,4658176,398
18804.0,16083013,0,0,3,2015-03-24 10:39:00,1806,4695295,383
18804.0,16083014,0,0,3,2015-03-24 11:10:02,1972,5044129,402
18804.0,16083015,0,0,3,2015-03-24 11:44:26,633,1581254,185
18804.0,16083016,0,0,3,2015-03-24 11:59:30,1951,4777157,366
18804.0,16083017,0,0,3,2015-03-24 12:33:06,751,1931745,217
18804.0,16083018,0,0,3,2015-03-24 12:48:03,1791,4403614,335
18804.0,16083019,0,0,3,2015-03-24 13:19:06,241,601847,120
18805.0,16083041,0,0,3,2015-03-24 16:11:30,1838,4549401,466
18805.0,16083042,0,0,3,2015-03-24 16:44:03,1737,4197091,390
18805.0,16083043,0,0,3,2015-03-24 17:15:19,1236,3147246,302
18805.0,16083044,0,0,3,2015-03-24 17:37:11,629,775911,141
18805.0,16083045,0,0,3,2015-03-24 17:48:53,1076,2678041,295
18805.0,16083046,0,0,3,2015-03-24 18:08:25,1840,4542459,439
18805.0,16083048,0,0,3,2015-03-24 18:49:30,430,1080892,164
18805.0,16083049,0,0,3,2015-03-24 19:02:35,760,1903471,220
18805.0,16083050,0,0,3,2015-03-24 19:17:23,1037,2589417,267
18805.0,16083052,0,0,3,2015-03-24 19:41:23,1812,4436518,394
18805.0,16083053,0,0,3,2015-03-24 20:12:37,1814,4499123,384
18805.0,16083055,0,0,3,2015-03-24 21:09:11,2075,5217353,410
18805.0,16083056,0,0,3,2015-03-24 21:44:39,607,1467154,176
18805.0,16083057,0,0,3,2015-03-24 22:02:40,1815,4541064,377
18805.0,16083058,0,0,3,2015-03-24 22:33:54,1873,4570893,352
18805.0,16083059,0,0,3,2015-03-24 23:06:05,1827,4396865,341
18805.0,16083060,0,0,3,2015-03-24 23:37:25,1447,3552909,292
18807.0,16084003,0,0,3,2015-03-25 05:06:22,68,100000,79
18807.0,16084004,0,0,3,2015-03-25 05:08:53,2007,5140580,441
18807.0,16084005,0,0,3,2015-03-25 05:43:11,53,118896,104
18807.0,16084006,0,0,3,2015-03-25 05:44:52,1658,4289243,396
18807.0,16084007,0,0,3,2015-03-25 06:20:33,1871,4692079,393
18807.0,16084008,0,0,3,2015-03-25 06:52:36,2010,5246606,428
18807.0,16084009,0,0,3,2015-03-25 07:26:56,1833,4661692,375
18807.0,16084011,0,0,3,2015-03-25 08:23:20,924,2394899,235
18807.0,16084012,0,0,3,2015-03-25 08:39:36,1771,4454679,367
18807.0,16084013,0,0,3,2015-03-25 09:14:45,1814,4564553,356
18807.0,16084014,0,0,3,2015-03-25 09:45:48,2321,5934557,443
18807.0,16084015,0,0,3,2015-03-25 10:25:22,1928,4881585,372
18807.0,16084016,0,0,3,2015-03-25 10:58:22,50,114890,94
18807.0,16084017,0,0,3,2015-03-25 11:00:06,14,20659,86
18815.0,16085005,0,0,3,2015-03-26 06:13:13,271,695454,123
18815.0,16085006,0,0,3,2015-03-26 06:18:29,1825,3930671,391
18815.0,16085007,0,0,3,2015-03-26 06:49:43,206,382723,78
18815.0,16085008,0,0,3,2015-03-26 07:02:36,363,794115,114
18815.0,16085009,0,0,3,2015-03-26 07:09:41,2098,5170745,486
18815.0,16085011,0,0,3,2015-03-26 07:54:48,1319,3242369,324
18815.0,16085012,0,0,3,2015-03-26 08:24:28,864,2125575,218
18815.0,16085013,0,0,3,2015-03-26 08:40:25,1292,3221338,322
18815.0,16085014,0,0,3,2015-03-26 09:08:24,819,1994905,237
18816.0,16085023,0,0,3,2015-03-26 11:17:16,1878,3842979,375
18816.0,16085024,0,0,3,2015-03-26 11:49:41,1838,4401110,434
18816.0,16085025,0,0,3,2015-03-26 12:26:49,1840,4435699,443
18816.0,16085026,0,0,3,2015-03-26 12:58:26,1849,4476526,427
18816.0,16085027,0,0,3,2015-03-26 13:30:18,1372,3408540,349
18816.0,16085028,0,0,3,2015-03-26 13:58:55,1886,4621828,409
18816.0,16085029,0,0,3,2015-03-26 14:31:20,1855,4595740,401
18816.0,16085030,0,0,3,2015-03-26 15:03:16,1104,2743203,277
18816.0,16085031,0,0,3,2015-03-26 15:23:19,1821,4387452,375
18816.0,16085032,0,0,3,2015-03-26 15:54:44,1842,4502536,384
18816.0,16085033,0,0,3,2015-03-26 16:26:44,1417,3529829,307
18816.0,16085034,0,0,3,2015-03-26 16:51:19,97,230059,114
18816.0,16085035,0,0,3,2015-03-26 16:58:56,1813,4443205,392
18816.0,16085036,0,0,3,2015-03-26 17:30:08,2549,6207145,476
18816.0,16085037,0,0,3,2015-03-26 18:17:37,1804,4339906,346
18818.0,16085051,0,0,3,2015-03-26 21:24:08,2165,4723485,451
18818.0,16085052,0,0,3,2015-03-26 22:01:15,193,453209,103
18818.0,16085053,0,0,3,2015-03-26 22:05:24,113,244502,82
18818.0,16085054,0,0,3,2015-03-26 22:08:21,1846,4624986,458
18818.0,16085055,0,0,3,2015-03-26 22:40:16,1488,3693092,364
18818.0,16085056,0,0,3,2015-03-26 23:06:39,1825,4565492,426
18818.0,16085057,0,0,3,2015-03-26 23:38:04,1795,4473624,412
18818.0,16085058,0,0,3,2015-03-27 00:14:32,897,1998091,247
18819.0,16085061,0,0,3,2015-03-27 01:35:41,2055,4451625,442
18819.0,16085062,0,0,3,2015-03-27 02:11:15,1841,4480753,429
18819.0,16085065,0,0,3,2015-03-27 02:49:41,805,1999821,215
18819.0,16085067,0,0,3,2015-03-27 03:05:53,238,580116,109
18819.0,16085069,0,0,3,2015-03-27 03:12:52,262,575782,100
18819.0,16085071,0,0,3,2015-03-27 03:39:51,271,643095,103
18819.0,16085072,0,0,3,2015-03-27 03:45:26,2023,5091430,470
18819.0,16085073,0,0,3,2015-03-27 04:20:04,878,2201213,260
18819.0,16085074,0,0,3,2015-03-27 04:42:15,1879,4553995,410
18819.0,16086001,0,0,3,2015-03-27 05:14:34,1894,4681446,419
18819.0,16086002,0,0,3,2015-03-27 05:47:08,1811,4425765,391
18819.0,16086003,0,0,3,2015-03-27 06:18:11,1848,4523023,400
18819.0,16086004,0,0,3,2015-03-27 06:49:59,1935,4644645,387
18819.0,16086005,0,0,3,2015-03-27 07:23:13,711,1714370,208
18819.0,16086006,0,0,3,2015-03-27 07:42:22,1832,4425600,371
18819.0,16086007,0,0,3,2015-03-27 08:13:46,1818,4270902,351
18819.0,16086008,0,0,3,2015-03-27 08:45:00,1435,3336852,294
18820.0,16086024,0,0,3,2015-03-27 10:43:48,1948,4418076,467
18820.0,16086025,0,0,3,2015-03-27 11:17:11,2196,4641435,461
18820.0,16086026,0,0,3,2015-03-27 11:54:49,1908,4708183,486
18820.0,16086027,0,0,3,2015-03-27 12:27:34,1892,4512236,434
18820.0,16086028,0,0,3,2015-03-27 13:00:04,1817,4379961,422
18820.0,16086029,0,0,3,2015-03-27 13:37:51,91,195813,100
18820.0,16086030,0,0,3,2015-03-27 13:40:21,1891,4570851,437
18820.0,16086031,0,0,3,2015-03-27 14:13:30,1840,4386765,420
18820.0,16086032,0,0,3,2015-03-27 14:45:12,1878,4529805,427
18820.0,16086033,0,0,3,2015-03-27 15:17:37,1949,4543074,418
18820.0,16086034,0,0,3,2015-03-27 15:51:07,1666,4006263,370
18820.0,16086035,0,0,3,2015-03-27 16:19:53,920,2218614,253
18820.0,16086036,0,0,3,2015-03-27 16:39:45,1786,4140626,384
18820.0,16086037,0,0,3,2015-03-27 17:11:10,1301,3131977,298
18820.0,16086038,0,0,3,2015-03-27 17:33:55,1183,2567151,228
18820.0,16086039,0,0,3,2015-03-27 17:54:45,1833,4447508,384
18820.0,16086040,0,0,3,2015-03-27 18:26:20,2026,4853476,409
18820.0,16086041,0,0,3,2015-03-27 19:01:02,2079,4912029,400
18820.0,16086042,0,0,3,2015-03-27 19:36:44,847,1966090,243
18827.0,16086050,0,0,3,2015-03-28 02:51:09,1814,4428050,454
18827.0,16086051,0,0,3,2015-03-28 03:22:16,1802,3991417,399
18827.0,16086052,0,0,3,2015-03-28 03:53:11,942,2160882,256
18827.0,16086053,0,0,3,2015-03-28 04:09:42,1830,4456049,433
18827.0,16086054,0,0,3,2015-03-28 04:41:00,1882,4634984,454
18827.0,16087001,0,0,3,2015-03-28 05:13:16,2236,5313639,508
18827.0,16087002,0,0,3,2015-03-28 05:57:34,1808,4321949,399
18827.0,16087003,0,0,3,2015-03-28 06:28:32,1043,2320880,264
18827.0,16087004,0,0,3,2015-03-28 06:46:48,1810,4408267,396
18827.0,16087005,0,0,3,2015-03-28 07:17:52,1881,4423294,390
18827.0,16087006,0,0,3,2015-03-28 07:50:07,1764,4239729,380
18827.0,16087007,0,0,3,2015-03-28 08:20:26,1376,3299973,335
18827.0,16087008,0,0,3,2015-03-28 08:50:53,1902,4507747,385
18827.0,16087009,0,0,3,2015-03-28 09:23:29,1966,4667553,392
18827.0,16087010,0,0,3,2015-03-28 09:57:06,1584,3861696,349
18827.0,16087011,0,0,3,2015-03-28 10:24:22,806,1881853,210
18828.0,16087018,0,0,3,2015-03-28 12:00:11,227,281804,109
18828.0,16087019,0,0,3,2015-03-28 12:05:22,1870,4073400,439
18828.0,16087020,0,0,3,2015-03-28 12:37:32,802,1770662,217
18828.0,16087021,0,0,3,2015-03-28 12:51:56,1833,4461876,487
18828.0,16087022,0,0,3,2015-03-28 13:23:24,1824,4415424,454
18828.0,16087023,0,0,3,2015-03-28 13:54:44,1818,4428612,440
18828.0,16087024,0,0,3,2015-03-28 14:25:56,1406,3435649,354
18828.0,16087025,0,0,3,2015-03-28 14:54:21,1812,4356394,432
18828.0,16087026,0,0,3,2015-03-28 15:25:27,1816,4388866,411
18828.0,16087027,0,0,3,2015-03-28 15:56:40,1871,4410514,400
18828.0,16087028,0,0,3,2015-03-28 16:28:57,1561,3779236,361
18828.0,16087029,0,0,3,2015-03-28 16:56:30,1817,4262622,387
18828.0,16087030,0,0,3,2015-03-28 17:27:45,1719,4083026,392
18828.0,16087031,0,0,3,2015-03-28 18:00:52,1816,4348532,386
18828.0,16087032,0,0,3,2015-03-28 18:32:04,2139,5134846,423
18828.0,16087033,0,0,3,2015-03-28 19:08:46,2485,5950109,458
18829.0,16087041,0,0,3,2015-03-28 21:28:29,1835,3899209,425
18829.0,16087042,0,0,3,2015-03-28 21:59:57,1813,3835813,387
18829.0,16087043,0,0,3,2015-03-28 22:31:08,1850,4526631,464
18829.0,16087044,0,0,3,2015-03-28 23:03:06,1230,2684343,318
18829.0,16087045,0,0,3,2015-03-28 23:25:49,1894,4276306,419
18829.0,16087046,0,0,3,2015-03-28 23:59:30,2048,4902999,467
18829.0,16087047,0,0,3,2015-03-29 00:34:35,518,1278544,208
18829.0,16087048,0,0,3,2015-03-29 00:49:38,1811,4405496,411
18829.0,16087049,0,0,3,2015-03-29 01:20:38,1897,4414228,401
18829.0,16087050,0,0,3,2015-03-29 01:53:02,1811,4337943,388
18829.0,16087051,0,0,3,2015-03-29 02:24:01,1922,4575867,395
18829.0,16087052,0,0,3,2015-03-29 02:56:53,1665,3900065,360
18829.0,16087053,0,0,3,2015-03-29 03:32:36,1808,4285202,381
18829.0,16087054,0,0,3,2015-03-29 04:03:47,1750,4220618,356
18829.0,16087055,0,0,3,2015-03-29 04:33:49,1829,4318647,359
18829.0,16088001,0,0,3,2015-03-29 05:05:10,1064,2547998,251
18837.0,16088014,0,0,3,2015-03-29 14:28:54,77,32864,73
18837.0,16088015,0,0,3,2015-03-29 14:31:04,47,32213,73
18837.0,16088016,0,0,3,2015-03-29 14:32:44,1823,4141626,390
18837.0,16088017,0,0,3,2015-03-29 15:04:30,1849,4460143,408
18837.0,16088018,0,0,3,2015-03-29 15:36:15,1804,4410156,399
18837.0,16088019,0,0,3,2015-03-29 16:07:17,1825,4337659,382
18837.0,16088020,0,0,3,2015-03-29 16:38:42,1285,3095902,305
18837.0,16088021,0,0,3,2015-03-29 17:06:23,1814,4346660,395
18837.0,16088022,0,0,3,2015-03-29 17:37:31,1879,4469102,380
18837.0,16088023,0,0,3,2015-03-29 18:09:54,1813,4240858,348
18837.0,16088024,0,0,3,2015-03-29 18:41:01,116,67832,103
18837.0,16088025,0,0,3,2015-03-29 18:43:54,1816,4346404,360
18837.0,16088026,0,0,3,2015-03-29 19:15:10,1727,4046394,334
18837.0,16088027,0,0,3,2015-03-29 19:44:52,683,1610272,200
18837.0,16088028,0,0,3,2015-03-29 20:01:07,1809,4133552,330
18837.0,16088029,0,0,3,2015-03-29 20:32:04,1833,4091058,313
18837.0,16088030,0,0,3,2015-03-29 21:03:28,1818,4166601,312
18837.0,16088031,0,0,3,2015-03-29 21:34:36,1497,3339012,271
18838.0,16088039,0,0,3,2015-03-29 23:05:42,2320,5701197,622
18838.0,16088040,0,0,3,2015-03-29 23:45:15,1809,4401233,468
18838.0,16088041,0,0,3,2015-03-30 00:16:16,1807,4417519,441
18838.0,16088042,0,0,3,2015-03-30 00:47:15,1802,4369883,435
18838.0,16088043,0,0,3,2015-03-30 01:18:08,1800,4368968,413
18838.0,16088044,0,0,3,2015-03-30 01:48:58,648,1083486,171
18838.0,16088045,0,0,3,2015-03-30 02:05:55,1806,4404141,421
18838.0,16088046,0,0,3,2015-03-30 02:36:59,1805,4291315,382
18838.0,16088047,0,0,3,2015-03-30 03:07:53,1821,4344235,389
18838.0,16088048,0,0,3,2015-03-30 03:39:05,1822,4313836,367
18838.0,16088049,0,0,3,2015-03-30 04:10:14,933,1324454,186
18838.0,16088050,0,0,3,2015-03-30 04:27:20,2005,4781846,394
18838.0,16089001,0,0,3,2015-03-30 05:07:58,1170,2469026,248
18838.0,16089002,0,0,3,2015-03-30 05:28:23,342,529948,107
18838.0,16089003,0,0,3,2015-03-30 05:35:00,760,1578030,154
18838.0,16089004,0,0,3,2015-03-30 05:48:37,1931,4624937,374
18838.0,16089005,0,0,3,2015-03-30 06:21:41,1994,4625273,365
18843.0,16089014,0,0,3,2015-03-30 11:19:14,1810,4528479,492
18843.0,16089015,0,0,3,2015-03-30 11:50:21,1176,2922729,320
18843.0,16089016,0,0,3,2015-03-30 12:10:59,1815,4591315,476
18843.0,16089017,0,0,3,2015-03-30 12:42:10,1819,4412821,437
18843.0,16089018,0,0,3,2015-03-30 13:13:26,1825,4471497,433
18843.0,16089019,0,0,3,2015-03-30 13:44:53,1497,3681746,365
18843.0,16089020,0,0,3,2015-03-30 14:14:28,1815,4377132,411
18843.0,16089021,0,0,3,2015-03-30 14:45:41,122,26599,98
18843.0,16089023,0,0,3,2015-03-30 14:52:55,116,73425,101
18843.0,16089024,0,0,3,2015-03-30 14:55:53,1815,4377395,395
18843.0,16089026,0,0,3,2015-03-30 15:50:07,1862,4333327,372
18843.0,16089027,0,0,3,2015-03-30 16:22:13,1816,4234192,367
18843.0,16089028,0,0,3,2015-03-30 16:53:26,1378,3273715,299
18843.0,16089029,0,0,3,2015-03-30 17:21:07,1767,4040650,366
18843.0,16089030,0,0,3,2015-03-30 17:58:58,1821,4356356,358
18843.0,16089031,0,0,3,2015-03-30 18:30:14,2079,4875565,380
18846.0,16089041,0,0,3,2015-03-30 23:14:34,1807,3796523,426
18846.0,16089042,0,0,3,2015-03-30 23:45:29,1807,3690715,377
18846.0,16089043,0,0,3,2015-03-31 00:16:30,411,929558,180
18846.0,16089044,0,0,3,2015-03-31 00:24:15,1423,2770744,318
18846.0,16089045,0,0,3,2015-03-31 00:48:50,1828,3845711,398
18846.0,16089046,0,0,3,2015-03-31 01:20:09,1815,3734932,365
18846.0,16089047,0,0,3,2015-03-31 01:51:13,190,388235,124
18846.0,16089048,0,0,3,2015-03-31 01:55:17,611,1415328,209
18846.0,16089049,0,0,3,2015-03-31 02:10:47,1836,4126228,428
18846.0,16089050,0,0,3,2015-03-31 02:42:14,1645,3744127,375
18846.0,16089051,0,0,3,2015-03-31 03:10:53,2011,4558104,412
18846.0,16089052,0,0,3,2015-03-31 03:45:16,1857,4197421,387
18846.0,16089053,0,0,3,2015-03-31 04:17:04,1921,4293004,381
18846.0,16089054,0,0,3,2015-03-31 04:50:00,658,1482276,183
18846.0,16090001,0,0,3,2015-03-31 05:11:14,972,2225016,237
18846.0,16090002,0,0,3,2015-03-31 05:28:24,1887,4288756,390
18846.0,16090003,0,0,3,2015-03-31 06:00:52,1898,4268308,366
18846.0,16090004,0,0,3,2015-03-31 06:33:21,1773,3963949,344
18846.0,16090005,0,0,3,2015-03-31 07:03:46,314,708755,136
18847.0,16090015,0,0,3,2015-03-31 08:29:47,2249,4657084,491
18847.0,16090016,0,0,3,2015-03-31 09:08:15,616,1390127,209
18847.0,16090017,0,0,3,2015-03-31 09:19:28,1888,4382209,453
18847.0,16090018,0,0,3,2015-03-31 09:51:49,1928,4476803,454
18847.0,16090019,0,0,3,2015-03-31 10:24:52,1923,4404872,423
18847.0,16090020,0,0,3,2015-03-31 10:57:49,1241,2920510,310
18847.0,16090021,0,0,3,2015-03-31 11:24:24,1908,4400047,420
18847.0,16090022,0,0,3,2015-03-31 11:57:10,1775,3994049,369
18847.0,16090023,0,0,3,2015-03-31 12:28:03,1807,4091384,373
18847.0,16090024,0,0,3,2015-03-31 12:59:06,1809,4175496,375
18847.0,16090025,0,0,3,2015-03-31 13:30:12,1806,4147238,372
18847.0,16090026,0,0,3,2015-03-31 14:01:14,1390,3212419,307
18847.0,16090027,0,0,3,2015-03-31 14:26:15,1805,3764570,347
18847.0,16090028,0,0,3,2015-03-31 14:57:16,1805,4227627,361
18847.0,16090029,0,0,3,2015-03-31 15:28:22,1839,4464447,360
18847.0,16090030,0,0,3,2015-03-31 15:59:56,965,2329166,225
18848.0,16090038,0,0,3,2015-03-31 17:46:57,1567,3210668,362
18848.0,16090039,0,0,3,2015-03-31 18:14:35,1631,3744009,428
18849.0,16090041,0,0,3,2015-03-31 21:50:41,2896,5531621,580
18849.0,16090042,0,0,3,2015-03-31 22:39:59,1807,4219459,464
18849.0,16090044,0,0,3,2015-03-31 23:14:20,1283,2990494,325
18849.0,16090045,0,0,3,2015-03-31 23:36:32,2029,4691455,452
18849.0,16090046,0,0,3,2015-04-01 00:14:12,2394,5509511,499
18849.0,16090047,0,0,3,2015-04-01 01:01:53,1801,4103458,384
18849.0,16090048,0,0,3,2015-04-01 01:32:44,1820,4113700,367
18849.0,16090049,0,0,3,2015-04-01 02:03:51,1438,2176139,235
18849.0,16090050,0,0,3,2015-04-01 02:28:51,1806,4041299,344
18849.0,16090051,0,0,3,2015-04-01 03:00:19,1838,4151145,348
18849.0,16090052,0,0,3,2015-04-01 03:31:49,1432,3385188,300
18849.0,16090053,0,0,3,2015-04-01 03:56:32,1184,2700731,265
18850.0,16091003,0,0,3,2015-04-01 05:31:34,1871,3977938,471
18850.0,16091004,0,0,3,2015-04-01 06:03:30,1870,4017127,413
18850.0,16091005,0,0,3,2015-04-01 06:35:35,1877,4377598,463
18850.0,16091006,0,0,3,2015-04-01 07:07:46,1831,4259096,425
18850.0,16091007,0,0,3,2015-04-01 07:39:07,1814,4211394,407
18850.0,16091008,0,0,3,2015-04-01 08:10:13,928,2208816,263
18850.0,16091009,0,0,3,2015-04-01 08:32:28,1908,4281799,392
18850.0,16091010,0,0,3,2015-04-01 09:05:06,1819,4195736,372
18850.0,16091011,0,0,3,2015-04-01 09:36:13,1817,4201901,362
18850.0,16091012,0,0,3,2015-04-01 10:07:21,1849,4227489,361
18850.0,16091013,0,0,3,2015-04-01 10:39:05,1822,4110261,335
18850.0,16091014,0,0,3,2015-04-01 11:10:16,1439,3235594,280
18852.0,16091040,0,0,3,2015-04-02 00:36:01,148,333396,121
18852.0,16091042,0,0,3,2015-04-02 00:41:16,499,1135805,182
18853.0,16091050,0,0,3,2015-04-02 02:39:17,163,90370,78
18853.0,16091061,0,0,3,2015-04-02 04:04:27,919,2102981,260
18853.0,16091062,0,0,3,2015-04-02 04:20:36,1970,4658317,447
18853.0,16091063,0,0,3,2015-04-02 04:54:18,1898,4470737,443
18853.0,16092001,0,0,3,2015-04-02 05:32:30,1856,4444417,399
18853.0,16092002,0,0,3,2015-04-02 06:04:14,1083,1862108,220
18853.0,16092003,0,0,3,2015-04-02 06:23:45,499,1180873,173
18854.0,16092014,0,0,3,2015-04-02 08:16:00,1861,3860081,443
18854.0,16092015,0,0,3,2015-04-02 08:47:56,1303,2902797,316
18854.0,16092016,0,0,3,2015-04-02 09:10:37,1897,4492915,474
18854.0,16092017,0,0,3,2015-04-02 09:43:06,1838,4401743,453
18854.0,16092018,0,0,3,2015-04-02 10:14:36,1893,4387118,434
18854.0,16092019,0,0,3,2015-04-02 10:46:59,1280,3082675,322
18854.0,16092020,0,0,3,2015-04-02 11:13:57,1557,3676068,366
18854.0,16092021,0,0,3,2015-04-02 11:41:51,1897,4465007,400
18854.0,16092022,0,0,3,2015-04-02 12:14:18,1866,4418111,377
18854.0,16092023,0,0,3,2015-04-02 12:46:15,610,1443462,181
18855.0,16092031,0,0,3,2015-04-02 15:24:32,1873,3772025,437
18855.0,16092033,0,0,3,2015-04-02 15:59:07,1326,2708536,304
18855.0,16092034,0,0,3,2015-04-02 16:22:17,1807,4237132,470
18855.0,16092035,0,0,3,2015-04-02 16:53:18,1816,4277574,440
18855.0,16092036,0,0,3,2015-04-02 17:24:33,1801,4090813,409
18855.0,16092037,0,0,3,2015-04-02 17:55:29,1802,4347690,409
18855.0,16092040,0,0,3,2015-04-02 18:33:59,286,32830,126
18855.0,16092042,0,0,3,2015-04-02 18:48:49,1715,4041211,381
18855.0,16092044,0,0,3,2015-04-02 19:20:28,1322,3149568,290
18855.0,16092048,0,0,3,2015-04-02 19:54:44,1154,2735779,271
18855.0,16092049,0,0,3,2015-04-02 20:15:36,1804,4340424,361
18855.0,16092050,0,0,3,2015-04-02 20:46:33,1787,4261653,354
18855.0,16092051,0,0,3,2015-04-02 21:17:12,479,1150573,159
18855.0,16092052,0,0,3,2015-04-02 21:30:37,1804,4293445,369
18855.0,16092053,0,0,3,2015-04-02 22:01:27,1849,4188556,337
18855.0,16092054,0,0,3,2015-04-02 22:33:07,1807,4238181,334
18855.0,16092055,0,0,3,2015-04-02 23:04:05,697,1600060,186
18856.0,16092063,0,0,3,2015-04-03 00:50:29,1861,3886360,454
18856.0,16092064,0,0,3,2015-04-03 01:22:10,1535,3230005,355
18856.0,16092065,0,0,3,2015-04-03 01:48:40,1810,4313348,470
18856.0,16092066,0,0,3,2015-04-03 02:19:39,1727,3935685,406
18856.0,16092067,0,0,3,2015-04-03 02:51:33,1812,4378968,455
18856.0,16092068,0,0,3,2015-04-03 03:22:37,1338,3240923,348
18856.0,16092069,0,0,3,2015-04-03 03:53:42,1805,4298906,438
18856.0,16092070,0,0,3,2015-04-03 04:25:08,1866,4418500,414
18856.0,16092071,0,0,3,2015-04-03 04:57:09,1844,4452577,404
18856.0,16093001,0,0,3,2015-04-03 05:28:41,1859,4471317,405
18856.0,16093002,0,0,3,2015-04-03 06:00:33,1856,4347438,395
18856.0,16093003,0,0,3,2015-04-03 06:32:21,651,1565651,198
18856.0,16093004,0,0,3,2015-04-03 06:50:19,1346,3208144,327
18857.0,16093010,0,0,3,2015-04-03 08:26:09,1978,4283350,501
18857.0,16093011,0,0,3,2015-04-03 08:59:57,2258,4689568,503
18857.0,16093012,0,0,3,2015-04-03 09:38:23,1872,4329442,471
18857.0,16093013,0,0,3,2015-04-03 10:10:32,1882,4372642,460
18857.0,16093014,0,0,3,2015-04-03 10:43:09,1856,4490298,459
18857.0,16093015,0,0,3,2015-04-03 11:14:56,219,487366,136
18857.0,16093016,0,0,3,2015-04-03 11:27:14,2106,5049230,485
18857.0,16093017,0,0,3,2015-04-03 12:03:29,1816,4249006,402
18857.0,16093018,0,0,3,2015-04-03 12:34:41,1659,3949354,375
